[
  {
    "title": "Electronics are everywhere in your daily life!",
    "slug": "electronics-everywhere-daily-life",
    "content": "<h2>Electronics are everywhere in your daily life!</h2><p>From the moment you wake up to the moment you go to sleep, electronics play a crucial role in modern medicine and healthcare. Medical professionals rely on sophisticated electronic devices for diagnosis, treatment, and monitoring of patients.</p><p>In medical schools, students are increasingly being trained in the use of electronic equipment and understanding the principles behind these technologies. This knowledge is essential for future healthcare providers to deliver effective care in an increasingly digitized medical environment.</p><p>Stay tuned to our blog for more insights into the fascinating world of medical electronics!</p>",
    "excerpt": "From the moment you wake up to the moment you go to sleep, electronics play a crucial role in modern medicine and healthcare.",
    "categoryId": 1,
    "authorId": 1,
    "published": true,
    "coverImage": null,
    "id": 1,
    "createdAt": "2025-05-14T14:36:14.833Z",
    "updatedAt": "2025-05-14T14:36:14.833Z"
  }
]